3168,wowkeren.com
3187,fanfiction.net
3230,akhbarelyom.com
3242,law.com
3251,google.com.bd
3305,worldwildlife.org
3306,whitepages.com
3317,google.no
3327,roozaneh.net
3328,panoramio.com
3344,wpastra.com
3353,ad4m.at
3356,standardmedia.co.ke
3357,css-tricks.com
3366,royalcbd.com
3417,google.kz
3422,leo.org
3446,poki.com
3460,googlecode.com
3483,parliament.uk
3491,vecteezy.com
3529,uptobox.com
3564,adbtc.top
3603,glassdoor.co.in
3622,adskeeper.co.uk
3652,ghanaweb.com
3659,blogspot.com.br
3695,google.lt
3718,blogspot.nl
3728,marinetraffic.com
3731,esheeq.net
3749,whatismyipaddress.com
3770,blogspot.jp
3773,watanserb.com
3798,schema.org
3829,google.com.qa
3854,google.co.ma
3860,thriveglobal.com
3912,adyen.com
3916,zoomit.ir
3917,tasteofhome.com
3923,google.com.ly
3942,google.by
3955,vklass.se
3987,beauty321.com
3988,jagonews24.com
4034,crowd1.com
4037,golang.org
4043,ennaharonline.com
4057,turbo.az
4091,tap.az
4103,google.com.ec
4144,telugustop.com
4154,laleggepertutti.it
4166,omegle.com
4171,hltv.org
4187,whmcs.com
4238,google.com.do
4243,socialmediaexaminer.com
4252,vitalsource.com
4253,jut.su
4303,fragrantica.com
4313,pmi.org
4315,androidpolice.com
4329,annals.org
4337,coingecko.com
4338,acpjournals.org
4368,google.com.kw
4390,fishki.net
4404,corporatefinanceinstitute.com
4410,rapidtables.com
4491,google.com.ng
4499,blogspot.ru
4525,scitation.org
4553,pianmenw.com
4562,sportzwiki.com
4568,bibox.com
4575,rae.es
4661,google.lv
4669,encuentra24.com
4680,google.iq
4735,shahid4u.one
4742,blogspot.se
4745,smartinsights.com
4766,warriorplus.com
4843,harrods.com
4878,annualreviews.org
4902,hostinger.com
4915,hse.gov.uk
4957,clickagy.com
5007,crisp.chat
5012,googleoptimize.com
5019,linode.com
5033,google.co.ao
5058,google.si
5069,16personalities.com
5099,mynewsdesk.com
5109,runescape.wiki
5122,fullhdfilmizlesene.com
5153,cettire.com
5160,parade.com
5161,wordcounter.net
5305,slidesgo.com
5324,jamendo.com
5345,colourpop.com
5377,google.tn
5386,google.org
5408,google.jo
5429,yalla-shoot.com
5432,lasvegassun.com
5450,tweaktown.com
5457,vu.nl
5466,fresherslive.com
5481,google.com.uy
5482,taroot-rangi.com
5544,pressherald.com
5587,redgifs.com
5590,indosport.com
5647,pjmedia.com
5655,friendfeed.com
5675,piliapp.com
5678,nation.africa
5681,storeboard.com
5682,lihkg.com
5685,mundosexanuncio.com
5688,avgle.com
5727,ficbook.net
5742,bloombergquint.com
5789,brstej.com
5810,ole.com.ar
5824,tensorflow.org
5855,gab.com
5904,ilfattoquotidiano.it
5933,mtlnovel.com
5953,ufreegames.com
5971,jbhifi.com.au
5977,secnews.gr
6022,fashionnova.com
6073,openclassrooms.com
6095,onlinekhabar.com
6104,googlegroups.com
6112,exe.io
6120,texastribune.org
6163,dailypost.ng
6164,betfair.com
6181,faceit.com
6234,shapeways.com
6282,fontspace.com
6325,mosaiquefm.net
6344,psychiatryonline.org
6373,alternativeto.net
6380,google.ba
6453,armorgames.com
6455,kingston.com
6528,truthout.org
6532,die.net
6557,thehackernews.com
6581,google.com.mm
6617,lowyat.net
6618,gigazine.net
6677,a2hosting.com
6689,connectad.io
6690,google.ee
6692,google.com.sv
6696,google.com.cu
6701,jugantor.com
6736,hkgolden.com
6742,nobitex.ir
6746,google.com.gt
6755,okp.com
6759,mg.co.za
6808,sennheiser.com
6819,google.cm
6837,google.co.cr
6889,bulbagarden.net
6930,whatismyip.com
6951,mind.org.uk
6959,wuxiaworld.com
6984,camelcamelcamel.com
6993,google.com.bo
7031,yummly.com
7096,jagodangdut.com
7105,google.com.np
7131,sammobile.com
7139,businessoffashion.com
7170,blogspot.be
7188,goop.com
7224,enotes.com
7254,rawgit.com
7268,cyberciti.biz
7311,smadex.com
7317,beforeitsnews.com
7322,skyscrapercity.com
7332,google.com.py
7365,google.com.bh
7374,keywordtool.io
7383,listverse.com
7422,sportsmansoutdoorsuperstore.com
7461,opensubtitles.org
7467,gymshark.com
