1,google.com
2,facebook.com
3,youtube.com
7,instagram.com
18,doubleclick.net
21,googletagmanager.com
34,googleusercontent.com
37,goo.gl
42,blogspot.com
45,google-analytics.com
48,fbcdn.net
55,myshopify.com
67,medium.com
75,google.com.hk
84,googlevideo.com
94,cloudflare.com
95,googleadservices.com
114,google.co.in
127,tinyurl.com
131,google.de
132,yy.com
146,google.co.jp
153,youtube-nocookie.com
157,google.com.br
179,google.co.uk
188,google.cn
190,blogger.com
200,fb.com
220,google.es
225,google.fr
227,google.ru
244,google.it
273,gmail.com
282,android.com
284,googletagservices.com
294,addtoany.com
298,google.ca
313,google.com.sg
326,google.com.tw
333,discord.com
337,tandfonline.com
341,shopify.com
351,pixabay.com
375,pki.goog
377,crashlytics.com
383,google.com.mx
394,hubspot.com
415,google.com.tr
419,feedburner.com
426,arnebrachhold.de
444,google.com.vn
461,teamviewer.com
469,worldometers.info
496,google.co.th
511,google.pl
517,business.site
518,metropoles.com
544,google.com.ar
545,google.com.sa
560,google.com.au
561,google.co.id
590,google.com.eg
610,appspot.com
624,fb.me
631,pcmag.com
647,glassdoor.com
668,discordapp.com
675,pexels.com
683,y2mate.com
695,g.page
711,messenger.com
740,thepiratebay.org
749,namu.wiki
752,gstatic.com
757,jotform.com
762,blogspot.co.uk
774,mgid.com
787,googleblog.com
790,google.co.kr
797,google.com.ua
814,thelancet.com
850,getbootstrap.com
873,withgoogle.com
877,fbsbx.com
887,scmp.com
890,google.gr
903,thegatewaypundit.com
934,googleapis.com
935,mixcloud.com
943,google.nl
958,google.ro
978,m.me
1014,businessinsider.de
1033,spankbang.com
1036,etoro.com
1044,google.co.ve
1054,viva.co.id
1078,yts.mx
1093,google.com.my
1108,google.be
